repository,file
liferay/liferay-docs,en/develop/tutorials/articles/01-introduction-to-liferay-development/00-intro.markdown
liferay/liferay-docs,en/develop/tutorials/articles/01-introduction-to-liferay-development/00-intro.md
liferay/liferay-docs,en/develop/tutorials/articles/01-introduction-to-liferay-development/01-fundamentals.markdown
liferay/liferay-docs,en/develop/tutorials/articles/01-introduction-to-liferay-development/01-fundamentals.md
liferay/liferay-docs,en/develop/tutorials/articles/01-introduction-to-liferay-development/02-liferay-as-a-development-platform.markdown
liferay/liferay-docs,en/develop/tutorials/articles/01-introduction-to-liferay-development/02-liferay-as-a-development-platform.md
liferay/liferay-docs,en/develop/tutorials/articles/01-introduction-to-liferay-development/03-starting-module-development.markdown
liferay/liferay-docs,en/develop/tutorials/articles/01-introduction-to-liferay-development/03-starting-module-development.md
liferay/liferay-docs,en/develop/tutorials/articles/01-introduction-to-liferay-development/04-configuring-dependencies.markdown
liferay/liferay-docs,en/develop/tutorials/articles/01-introduction-to-liferay-development/04-configuring-dependencies.md
liferay/liferay-docs,en/develop/tutorials/articles/01-introduction-to-liferay-development/05-finding-extension-points.markdown
liferay/liferay-docs,en/develop/tutorials/articles/01-introduction-to-liferay-development/05-finding-extension-points.md
liferay/liferay-docs,en/develop/tutorials/articles/01-introduction-to-liferay-development/06-frontend-development-in-liferay/00-frontend-development-in-liferay-intro.markdown
liferay/liferay-docs,en/develop/tutorials/articles/01-introduction-to-liferay-development/06-frontend-development-in-liferay/00-frontend-development-in-liferay-intro.md
liferay/liferay-docs,en/develop/tutorials/articles/100-tooling/00-intro.markdown
liferay/liferay-docs,en/develop/tutorials/articles/100-tooling/00-intro.md
liferay/liferay-docs,en/develop/tutorials/articles/100-tooling/02-liferay-ide/00-liferay-ide-intro.markdown
liferay/liferay-docs,en/develop/tutorials/articles/100-tooling/02-liferay-ide/00-liferay-ide-intro.md
liferay/liferay-docs,en/develop/tutorials/articles/100-tooling/02-liferay-ide/01-installing-liferay-ide.markdown
liferay/liferay-docs,en/develop/tutorials/articles/100-tooling/02-liferay-ide/01-installing-liferay-ide.md
liferay/liferay-docs,en/develop/tutorials/articles/100-tooling/02-liferay-ide/02-creating-a-liferay-workspace-with-liferay-ide.markdown
liferay/liferay-docs,en/develop/tutorials/articles/100-tooling/02-liferay-ide/02-creating-a-liferay-workspace-with-liferay-ide.md
liferay/liferay-docs,en/develop/tutorials/articles/100-tooling/02-liferay-ide/03-setting-proxy-requirements-for-liferay-ide.markdown
liferay/liferay-docs,en/develop/tutorials/articles/100-tooling/02-liferay-ide/03-setting-proxy-requirements-for-liferay-ide.md
liferay/liferay-docs,en/develop/tutorials/articles/100-tooling/02-liferay-ide/04-updating-liferay-ide.markdown
liferay/liferay-docs,en/develop/tutorials/articles/100-tooling/02-liferay-ide/04-updating-liferay-ide.md
liferay/liferay-docs,en/develop/tutorials/articles/100-tooling/02-liferay-ide/05-creating-modules-with-liferay-ide.markdown
liferay/liferay-docs,en/develop/tutorials/articles/100-tooling/02-liferay-ide/05-creating-modules-with-liferay-ide.md
liferay/liferay-docs,en/develop/tutorials/articles/100-tooling/02-liferay-ide/06-creating-themes-with-liferay-ide.markdown
liferay/liferay-docs,en/develop/tutorials/articles/100-tooling/02-liferay-ide/06-creating-themes-with-liferay-ide.md
liferay/liferay-docs,en/develop/tutorials/articles/100-tooling/02-liferay-ide/07-deploying-projects-with-liferay-ide.markdown
liferay/liferay-docs,en/develop/tutorials/articles/100-tooling/02-liferay-ide/07-deploying-projects-with-liferay-ide.md
liferay/liferay-docs,en/develop/tutorials/articles/100-tooling/02-liferay-ide/08-managing-projects-with-liferay-ide.markdown
liferay/liferay-docs,en/develop/tutorials/articles/100-tooling/02-liferay-ide/08-managing-projects-with-liferay-ide.md
liferay/liferay-docs,en/develop/tutorials/articles/100-tooling/02-liferay-ide/10-installing-a-server-in-liferay-ide.markdown
liferay/liferay-docs,en/develop/tutorials/articles/100-tooling/02-liferay-ide/10-installing-a-server-in-liferay-ide.md
liferay/liferay-docs,en/develop/tutorials/articles/100-tooling/02-liferay-ide/12-searching-liferay-portal-source-in-liferay-ide.markdown
liferay/liferay-docs,en/develop/tutorials/articles/100-tooling/02-liferay-ide/12-searching-liferay-portal-source-in-liferay-ide.md
liferay/liferay-docs,en/develop/tutorials/articles/100-tooling/02-liferay-ide/13-debugging-liferay-portal-source-in-liferay-ide.markdown
liferay/liferay-docs,en/develop/tutorials/articles/100-tooling/02-liferay-ide/13-debugging-liferay-portal-source-in-liferay-ide.md
liferay/liferay-docs,en/develop/tutorials/articles/100-tooling/02-liferay-ide/13-using-gradle-in-liferay-ide.markdown
liferay/liferay-docs,en/develop/tutorials/articles/100-tooling/02-liferay-ide/13-using-gradle-in-liferay-ide.md
liferay/liferay-docs,en/develop/tutorials/articles/100-tooling/02-liferay-ide/14-using-maven-in-liferay-ide.markdown
liferay/liferay-docs,en/develop/tutorials/articles/100-tooling/02-liferay-ide/14-using-maven-in-liferay-ide.md
liferay/liferay-docs,en/develop/tutorials/articles/100-tooling/02-liferay-ide/15-enabling-code-assist-features-in-your-project.markdown
liferay/liferay-docs,en/develop/tutorials/articles/100-tooling/02-liferay-ide/15-enabling-code-assist-features-in-your-project.md
liferay/liferay-docs,en/develop/tutorials/articles/100-tooling/02-liferay-ide/16-using-front-end-development-code-assist-features-in-ide.markdown
liferay/liferay-docs,en/develop/tutorials/articles/100-tooling/02-liferay-ide/16-using-front-end-development-code-assist-features-in-ide.md
liferay/liferay-docs,en/develop/tutorials/articles/100-tooling/03-blade-cli/00-intro.markdown
liferay/liferay-docs,en/develop/tutorials/articles/100-tooling/03-blade-cli/00-intro.md
liferay/liferay-docs,en/develop/tutorials/articles/100-tooling/03-blade-cli/01-installing-blade-cli.markdown
liferay/liferay-docs,en/develop/tutorials/articles/100-tooling/03-blade-cli/01-installing-blade-cli.md
liferay/liferay-docs,en/develop/tutorials/articles/100-tooling/03-blade-cli/02-installing-blade-cli-with-proxy-requirements.markdown
liferay/liferay-docs,en/develop/tutorials/articles/100-tooling/03-blade-cli/02-installing-blade-cli-with-proxy-requirements.md
liferay/liferay-docs,en/develop/tutorials/articles/100-tooling/03-blade-cli/03-creating-a-liferay-workspace-with-blade-cli.markdown
liferay/liferay-docs,en/develop/tutorials/articles/100-tooling/03-blade-cli/03-creating-a-liferay-workspace-with-blade-cli.md
liferay/liferay-docs,en/develop/tutorials/articles/100-tooling/03-blade-cli/04-creating-projects-with-blade-cli.markdown
liferay/liferay-docs,en/develop/tutorials/articles/100-tooling/03-blade-cli/04-creating-projects-with-blade-cli.md
liferay/liferay-docs,en/develop/tutorials/articles/100-tooling/03-blade-cli/05-deploying-projects-with-blade-cli.markdown
liferay/liferay-docs,en/develop/tutorials/articles/100-tooling/03-blade-cli/05-deploying-projects-with-blade-cli.md
liferay/liferay-docs,en/develop/tutorials/articles/100-tooling/03-blade-cli/06-managing-your-liferay-server-with-blade-cli.markdown
liferay/liferay-docs,en/develop/tutorials/articles/100-tooling/03-blade-cli/06-managing-your-liferay-server-with-blade-cli.md
liferay/liferay-docs,en/develop/tutorials/articles/100-tooling/03-blade-cli/07-updating-blade-cli.markdown
liferay/liferay-docs,en/develop/tutorials/articles/100-tooling/03-blade-cli/07-updating-blade-cli.md
liferay/liferay-docs,en/develop/tutorials/articles/100-tooling/03-blade-cli/08-converting-plugins-sdk-projects-with-blade-cli.markdown
liferay/liferay-docs,en/develop/tutorials/articles/100-tooling/03-blade-cli/08-converting-plugins-sdk-projects-with-blade-cli.md
liferay/liferay-docs,en/develop/tutorials/articles/100-tooling/04-liferay-workspace/00-liferay-workspace-intro.markdown
liferay/liferay-docs,en/develop/tutorials/articles/100-tooling/04-liferay-workspace/00-liferay-workspace-intro.md
liferay/liferay-docs,en/develop/tutorials/articles/100-tooling/04-liferay-workspace/01-installing-liferay-workspace.markdown
liferay/liferay-docs,en/develop/tutorials/articles/100-tooling/04-liferay-workspace/01-installing-liferay-workspace.md
liferay/liferay-docs,en/develop/tutorials/articles/100-tooling/04-liferay-workspace/02-configuring-a-liferay-workspace.markdown
liferay/liferay-docs,en/develop/tutorials/articles/100-tooling/04-liferay-workspace/02-configuring-a-liferay-workspace.md
liferay/liferay-docs,en/develop/tutorials/articles/100-tooling/04-liferay-workspace/03-setting-proxy-requirements-for-liferay-workspace.markdown
liferay/liferay-docs,en/develop/tutorials/articles/100-tooling/04-liferay-workspace/03-setting-proxy-requirements-for-liferay-workspace.md
liferay/liferay-docs,en/develop/tutorials/articles/100-tooling/04-liferay-workspace/04-development-lifecycle-for-liferay-workspaces.markdown
liferay/liferay-docs,en/develop/tutorials/articles/100-tooling/04-liferay-workspace/04-development-lifecycle-for-liferay-workspaces.md
liferay/liferay-docs,en/develop/tutorials/articles/100-tooling/04-liferay-workspace/05-managing-the-target-platform-for-liferay-workspace.markdown
liferay/liferay-docs,en/develop/tutorials/articles/100-tooling/04-liferay-workspace/05-managing-the-target-platform-for-liferay-workspace.md
liferay/liferay-docs,en/develop/tutorials/articles/100-tooling/04-liferay-workspace/06-managing-themes-in-liferay-workspace.markdown
liferay/liferay-docs,en/develop/tutorials/articles/100-tooling/04-liferay-workspace/06-managing-themes-in-liferay-workspace.md
liferay/liferay-docs,en/develop/tutorials/articles/100-tooling/04-liferay-workspace/07-validating-modules-against-the-target-platform/00-intro.markdown
liferay/liferay-docs,en/develop/tutorials/articles/100-tooling/04-liferay-workspace/07-validating-modules-against-the-target-platform/00-intro.md
liferay/liferay-docs,en/develop/tutorials/articles/100-tooling/04-liferay-workspace/07-validating-modules-against-the-target-platform/01-resolving-your-modules.markdown
liferay/liferay-docs,en/develop/tutorials/articles/100-tooling/04-liferay-workspace/07-validating-modules-against-the-target-platform/01-resolving-your-modules.md
liferay/liferay-docs,en/develop/tutorials/articles/100-tooling/04-liferay-workspace/07-validating-modules-against-the-target-platform/02-modifying-the-target-platforms-capabilities.markdown
liferay/liferay-docs,en/develop/tutorials/articles/100-tooling/04-liferay-workspace/07-validating-modules-against-the-target-platform/02-modifying-the-target-platforms-capabilities.md
liferay/liferay-docs,en/develop/tutorials/articles/100-tooling/04-liferay-workspace/07-validating-modules-against-the-target-platform/03-including-the-resolver-in-your-gradle-build.markdown
liferay/liferay-docs,en/develop/tutorials/articles/100-tooling/04-liferay-workspace/07-validating-modules-against-the-target-platform/03-including-the-resolver-in-your-gradle-build.md
liferay/liferay-docs,en/develop/tutorials/articles/100-tooling/04-liferay-workspace/07-validating-modules-against-the-target-platform/99-validating-modules-outside-of-workspace.markdown
liferay/liferay-docs,en/develop/tutorials/articles/100-tooling/04-liferay-workspace/07-validating-modules-against-the-target-platform/99-validating-modules-outside-of-workspace.md
liferay/liferay-docs,en/develop/tutorials/articles/100-tooling/04-liferay-workspace/08-leveraging-docker-in-liferay-workspace.markdown
liferay/liferay-docs,en/develop/tutorials/articles/100-tooling/04-liferay-workspace/08-leveraging-docker-in-liferay-workspace.md
liferay/liferay-docs,en/develop/tutorials/articles/100-tooling/04-liferay-workspace/09-updating-liferay-workspace.markdown
liferay/liferay-docs,en/develop/tutorials/articles/100-tooling/04-liferay-workspace/09-updating-liferay-workspace.md
liferay/liferay-docs,en/develop/tutorials/articles/100-tooling/04-liferay-workspace/10-updating-default-plugins-provided-by-workspace.markdown
liferay/liferay-docs,en/develop/tutorials/articles/100-tooling/04-liferay-workspace/10-updating-default-plugins-provided-by-workspace.md
liferay/liferay-docs,en/develop/tutorials/articles/100-tooling/05-maven/00-intro.markdown
liferay/liferay-docs,en/develop/tutorials/articles/100-tooling/05-maven/00-intro.md
liferay/liferay-docs,en/develop/tutorials/articles/100-tooling/05-maven/01-installing-liferay-maven-artifacts.markdown
liferay/liferay-docs,en/develop/tutorials/articles/100-tooling/05-maven/01-installing-liferay-maven-artifacts.md
liferay/liferay-docs,en/develop/tutorials/articles/100-tooling/05-maven/02-generating-new-projects-using-archetypes.markdown
liferay/liferay-docs,en/develop/tutorials/articles/100-tooling/05-maven/02-generating-new-projects-using-archetypes.md
liferay/liferay-docs,en/develop/tutorials/articles/100-tooling/05-maven/03-creating-a-module-jar-using-maven.markdown
liferay/liferay-docs,en/develop/tutorials/articles/100-tooling/05-maven/03-creating-a-module-jar-using-maven.md
liferay/liferay-docs,en/develop/tutorials/articles/100-tooling/05-maven/04-deploying-a-project-built-with-maven-to-liferay.markdown
liferay/liferay-docs,en/develop/tutorials/articles/100-tooling/05-maven/04-deploying-a-project-built-with-maven-to-liferay.md
liferay/liferay-docs,en/develop/tutorials/articles/100-tooling/05-maven/05-creating-a-maven-repository.markdown
liferay/liferay-docs,en/develop/tutorials/articles/100-tooling/05-maven/05-creating-a-maven-repository.md
liferay/liferay-docs,en/develop/tutorials/articles/100-tooling/05-maven/06-deploying-liferay-maven-artifacts-to-a-repository.markdown
liferay/liferay-docs,en/develop/tutorials/articles/100-tooling/05-maven/06-deploying-liferay-maven-artifacts-to-a-repository.md
liferay/liferay-docs,en/develop/tutorials/articles/100-tooling/05-maven/07-using-service-builder-in-a-maven-project.markdown
liferay/liferay-docs,en/develop/tutorials/articles/100-tooling/05-maven/07-using-service-builder-in-a-maven-project.md
liferay/liferay-docs,en/develop/tutorials/articles/100-tooling/05-maven/08-compiling-sass-files-in-a-maven-project.markdown
liferay/liferay-docs,en/develop/tutorials/articles/100-tooling/05-maven/08-compiling-sass-files-in-a-maven-project.md
liferay/liferay-docs,en/develop/tutorials/articles/100-tooling/05-maven/09-building-themes-in-a-maven-project.markdown
liferay/liferay-docs,en/develop/tutorials/articles/100-tooling/05-maven/09-building-themes-in-a-maven-project.md
liferay/liferay-docs,en/develop/tutorials/articles/100-tooling/05-maven/10-maven-workspace.markdown
liferay/liferay-docs,en/develop/tutorials/articles/100-tooling/05-maven/10-maven-workspace.md
liferay/liferay-docs,en/develop/tutorials/articles/100-tooling/06-intellij/00-intro.markdown
liferay/liferay-docs,en/develop/tutorials/articles/100-tooling/06-intellij/00-intro.md
liferay/liferay-docs,en/develop/tutorials/articles/100-tooling/06-intellij/01-installing-liferay-intellij-plugin.markdown
liferay/liferay-docs,en/develop/tutorials/articles/100-tooling/06-intellij/01-installing-liferay-intellij-plugin.md
liferay/liferay-docs,en/develop/tutorials/articles/100-tooling/06-intellij/02-creating-a-liferay-workspace-with-intellij-idea.markdown
liferay/liferay-docs,en/develop/tutorials/articles/100-tooling/06-intellij/02-creating-a-liferay-workspace-with-intellij-idea.md
liferay/liferay-docs,en/develop/tutorials/articles/100-tooling/06-intellij/03-creating-projects-with-intellij-idea.markdown
liferay/liferay-docs,en/develop/tutorials/articles/100-tooling/06-intellij/03-creating-projects-with-intellij-idea.md
liferay/liferay-docs,en/develop/tutorials/articles/100-tooling/06-intellij/04-installing-a-server-in-intellij-idea.markdown
liferay/liferay-docs,en/develop/tutorials/articles/100-tooling/06-intellij/04-installing-a-server-in-intellij-idea.md
liferay/liferay-docs,en/develop/tutorials/articles/100-tooling/06-intellij/05-deploying-projects-with-intellij-idea.markdown
liferay/liferay-docs,en/develop/tutorials/articles/100-tooling/06-intellij/05-deploying-projects-with-intellij-idea.md
liferay/liferay-docs,en/develop/tutorials/articles/100-tooling/07-liferay-sample-projects/00-liferay-sample-projects-intro.markdown
liferay/liferay-docs,en/develop/tutorials/articles/100-tooling/07-liferay-sample-projects/00-liferay-sample-projects-intro.md
liferay/liferay-docs,en/develop/tutorials/articles/100-tooling/08-liferay-upgrade-planner/01-liferay-upgrade-planner-intro.markdown
liferay/liferay-docs,en/develop/tutorials/articles/100-tooling/08-liferay-upgrade-planner/01-liferay-upgrade-planner-intro.md
liferay/liferay-docs,en/develop/tutorials/articles/100-tooling/08-liferay-upgrade-planner/02-using-upgrade-planner-with-proxy-requirements.markdown
liferay/liferay-docs,en/develop/tutorials/articles/100-tooling/08-liferay-upgrade-planner/02-using-upgrade-planner-with-proxy-requirements.md
liferay/liferay-docs,en/develop/tutorials/articles/120-customizing/00-customizing-intro.markdown
liferay/liferay-docs,en/develop/tutorials/articles/120-customizing/00-customizing-intro.md
liferay/liferay-docs,en/develop/tutorials/articles/120-customizing/01-customizing-jsps/00-overriding-jsps-intro.markdown
liferay/liferay-docs,en/develop/tutorials/articles/120-customizing/01-customizing-jsps/00-overriding-jsps-intro.md
liferay/liferay-docs,en/develop/tutorials/articles/120-customizing/01-customizing-jsps/01-customizing-jsps-with-dynamic-includes.markdown
liferay/liferay-docs,en/develop/tutorials/articles/120-customizing/01-customizing-jsps/01-customizing-jsps-with-dynamic-includes.md
liferay/liferay-docs,en/develop/tutorials/articles/120-customizing/01-customizing-jsps/02-jsp-overrides-using-portlet-filters.markdown
liferay/liferay-docs,en/develop/tutorials/articles/120-customizing/01-customizing-jsps/02-jsp-overrides-using-portlet-filters.md
liferay/liferay-docs,en/develop/tutorials/articles/120-customizing/01-customizing-jsps/04-jsp-overrides-using-fragments.markdown
liferay/liferay-docs,en/develop/tutorials/articles/120-customizing/01-customizing-jsps/04-jsp-overrides-using-fragments.md
liferay/liferay-docs,en/develop/tutorials/articles/120-customizing/01-customizing-jsps/05-core-jsp-overrides-using-customjspbag.markdown
liferay/liferay-docs,en/develop/tutorials/articles/120-customizing/01-customizing-jsps/05-core-jsp-overrides-using-customjspbag.md
liferay/liferay-docs,en/develop/tutorials/articles/120-customizing/01-customizing-jsps/06-overriding-inline-content-using-jsps.markdown
liferay/liferay-docs,en/develop/tutorials/articles/120-customizing/01-customizing-jsps/06-overriding-inline-content-using-jsps.md
liferay/liferay-docs,en/develop/tutorials/articles/120-customizing/02-overriding-liferay-services/00-overriding-liferay-services-intro.markdown
liferay/liferay-docs,en/develop/tutorials/articles/120-customizing/02-overriding-liferay-services/00-overriding-liferay-services-intro.md
liferay/liferay-docs,en/develop/tutorials/articles/120-customizing/03-overriding-osgi-services/00-overriding-osgi-services-intro.markdown
liferay/liferay-docs,en/develop/tutorials/articles/120-customizing/03-overriding-osgi-services/00-overriding-osgi-services-intro.md
liferay/liferay-docs,en/develop/tutorials/articles/120-customizing/03-overriding-osgi-services/01-examining-an-service-to-override.markdown
liferay/liferay-docs,en/develop/tutorials/articles/120-customizing/03-overriding-osgi-services/01-examining-an-service-to-override.md
liferay/liferay-docs,en/develop/tutorials/articles/120-customizing/03-overriding-osgi-services/02-creating-a-custom-osgi-service.markdown
liferay/liferay-docs,en/develop/tutorials/articles/120-customizing/03-overriding-osgi-services/02-creating-a-custom-osgi-service.md
liferay/liferay-docs,en/develop/tutorials/articles/120-customizing/03-overriding-osgi-services/03-reconfiguring-components-to-use-your-osgi-service-reference.markdown
liferay/liferay-docs,en/develop/tutorials/articles/120-customizing/03-overriding-osgi-services/03-reconfiguring-components-to-use-your-osgi-service-reference.md
liferay/liferay-docs,en/develop/tutorials/articles/120-customizing/04-overriding-language-keys/00-overriding-language-keys-intro.markdown
liferay/liferay-docs,en/develop/tutorials/articles/120-customizing/04-overriding-language-keys/00-overriding-language-keys-intro.md
liferay/liferay-docs,en/develop/tutorials/articles/120-customizing/04-overriding-language-keys/01-overriding-liferays-language-keys.markdown
liferay/liferay-docs,en/develop/tutorials/articles/120-customizing/04-overriding-language-keys/01-overriding-liferays-language-keys.md
liferay/liferay-docs,en/develop/tutorials/articles/120-customizing/04-overriding-language-keys/02-overriding-a-modules-language-keys.markdown
liferay/liferay-docs,en/develop/tutorials/articles/120-customizing/04-overriding-language-keys/02-overriding-a-modules-language-keys.md
liferay/liferay-docs,en/develop/tutorials/articles/120-customizing/05-overriding-mvc-commands/00-overriding-mvc-commands-intro.markdown
liferay/liferay-docs,en/develop/tutorials/articles/120-customizing/05-overriding-mvc-commands/00-overriding-mvc-commands-intro.md
liferay/liferay-docs,en/develop/tutorials/articles/120-customizing/05-overriding-mvc-commands/01-adding-logic-to-mvc-commands.markdown
liferay/liferay-docs,en/develop/tutorials/articles/120-customizing/05-overriding-mvc-commands/01-adding-logic-to-mvc-commands.md
liferay/liferay-docs,en/develop/tutorials/articles/120-customizing/05-overriding-mvc-commands/02-overriding-mvcrendercommands.markdown
liferay/liferay-docs,en/develop/tutorials/articles/120-customizing/05-overriding-mvc-commands/02-overriding-mvcrendercommands.md
liferay/liferay-docs,en/develop/tutorials/articles/120-customizing/05-overriding-mvc-commands/03-override-mvcactioncommands.markdown
liferay/liferay-docs,en/develop/tutorials/articles/120-customizing/05-overriding-mvc-commands/03-override-mvcactioncommands.md
liferay/liferay-docs,en/develop/tutorials/articles/120-customizing/05-overriding-mvc-commands/04-override-mvcresourcecommands.markdown
liferay/liferay-docs,en/develop/tutorials/articles/120-customizing/05-overriding-mvc-commands/04-override-mvcresourcecommands.md
liferay/liferay-docs,en/develop/tutorials/articles/120-customizing/06-overriding-liferays-default-yui-and-aui-modules.markdown
liferay/liferay-docs,en/develop/tutorials/articles/120-customizing/06-overriding-liferays-default-yui-and-aui-modules.md
liferay/liferay-docs,en/develop/tutorials/articles/120-customizing/09-overriding-lpkg-file.markdown
liferay/liferay-docs,en/develop/tutorials/articles/120-customizing/09-overriding-lpkg-file.md
liferay/liferay-docs,en/develop/tutorials/articles/120-customizing/10-creating-model-listeners.markdown
liferay/liferay-docs,en/develop/tutorials/articles/120-customizing/10-creating-model-listeners.md
liferay/liferay-docs,en/develop/tutorials/articles/120-customizing/10-dynamic-includes/00-dynamic-include-extension-points-intro.markdown
liferay/liferay-docs,en/develop/tutorials/articles/120-customizing/10-dynamic-includes/00-dynamic-include-extension-points-intro.md
liferay/liferay-docs,en/develop/tutorials/articles/120-customizing/10-dynamic-includes/01-wysiwyg-editor-dynamic-includes.markdown
liferay/liferay-docs,en/develop/tutorials/articles/120-customizing/10-dynamic-includes/01-wysiwyg-editor-dynamic-includes.md
liferay/liferay-docs,en/develop/tutorials/articles/120-customizing/10-dynamic-includes/02-top-head-jsp-dynamic-include.markdown
liferay/liferay-docs,en/develop/tutorials/articles/120-customizing/10-dynamic-includes/02-top-head-jsp-dynamic-include.md
liferay/liferay-docs,en/develop/tutorials/articles/120-customizing/10-dynamic-includes/03-top-js-dynamic-include.markdown
liferay/liferay-docs,en/develop/tutorials/articles/120-customizing/10-dynamic-includes/03-top-js-dynamic-include.md
liferay/liferay-docs,en/develop/tutorials/articles/120-customizing/10-dynamic-includes/04-bottom-jsp-dynamic-include.markdown
liferay/liferay-docs,en/develop/tutorials/articles/120-customizing/10-dynamic-includes/04-bottom-jsp-dynamic-include.md
liferay/liferay-docs,en/develop/tutorials/articles/140-application-security/00-intro.markdown
liferay/liferay-docs,en/develop/tutorials/articles/140-application-security/00-intro.md
liferay/liferay-docs,en/develop/tutorials/articles/140-application-security/01-application-permissions/01-application-permissions-intro.markdown
liferay/liferay-docs,en/develop/tutorials/articles/140-application-security/01-application-permissions/01-application-permissions-intro.md
liferay/liferay-docs,en/develop/tutorials/articles/140-application-security/01-application-permissions/02-defining-permissions.markdown
liferay/liferay-docs,en/develop/tutorials/articles/140-application-security/01-application-permissions/02-defining-permissions.md
liferay/liferay-docs,en/develop/tutorials/articles/140-application-security/01-application-permissions/03-registering-permissions.markdown
liferay/liferay-docs,en/develop/tutorials/articles/140-application-security/01-application-permissions/03-registering-permissions.md
liferay/liferay-docs,en/develop/tutorials/articles/140-application-security/01-application-permissions/04-associate-permissions-resources.markdown
liferay/liferay-docs,en/develop/tutorials/articles/140-application-security/01-application-permissions/04-associate-permissions-resources.md
liferay/liferay-docs,en/develop/tutorials/articles/140-application-security/01-application-permissions/05-check-permissions.markdown
liferay/liferay-docs,en/develop/tutorials/articles/140-application-security/01-application-permissions/05-check-permissions.md
liferay/liferay-docs,en/develop/tutorials/articles/140-application-security/01-application-permissions/06-using-portal-roles-in-a-portlet.markdown
liferay/liferay-docs,en/develop/tutorials/articles/140-application-security/01-application-permissions/06-using-portal-roles-in-a-portlet.md
liferay/liferay-docs,en/develop/tutorials/articles/140-application-security/04-authentication-pipelines/00-intro.markdown
liferay/liferay-docs,en/develop/tutorials/articles/140-application-security/04-authentication-pipelines/00-intro.md
liferay/liferay-docs,en/develop/tutorials/articles/140-application-security/04-authentication-pipelines/01-auto-login.markdown
liferay/liferay-docs,en/develop/tutorials/articles/140-application-security/04-authentication-pipelines/01-auto-login.md
liferay/liferay-docs,en/develop/tutorials/articles/140-application-security/04-authentication-pipelines/02-authentication-pipelines.markdown
liferay/liferay-docs,en/develop/tutorials/articles/140-application-security/04-authentication-pipelines/02-authentication-pipelines.md
liferay/liferay-docs,en/develop/tutorials/articles/140-application-security/04-authentication-pipelines/03-custom-login-portlet.markdown
liferay/liferay-docs,en/develop/tutorials/articles/140-application-security/04-authentication-pipelines/03-custom-login-portlet.md
liferay/liferay-docs,en/develop/tutorials/articles/140-application-security/06-service-access-policies.markdown
liferay/liferay-docs,en/develop/tutorials/articles/140-application-security/06-service-access-policies.md
liferay/liferay-docs,en/develop/tutorials/articles/150-web-services/00-intro.markdown
liferay/liferay-docs,en/develop/tutorials/articles/150-web-services/00-intro.md
liferay/liferay-docs,en/develop/tutorials/articles/150-web-services/01-headless-apis/01-intro.markdown
liferay/liferay-docs,en/develop/tutorials/articles/150-web-services/01-headless-apis/01-intro.md
liferay/liferay-docs,en/develop/tutorials/articles/150-web-services/01-headless-apis/02-discover-api.markdown
liferay/liferay-docs,en/develop/tutorials/articles/150-web-services/01-headless-apis/02-discover-api.md
liferay/liferay-docs,en/develop/tutorials/articles/150-web-services/01-headless-apis/03-invoke-service.markdown
liferay/liferay-docs,en/develop/tutorials/articles/150-web-services/01-headless-apis/03-invoke-service.md
liferay/liferay-docs,en/develop/tutorials/articles/150-web-services/01-headless-apis/04-authenticated-requests.markdown
liferay/liferay-docs,en/develop/tutorials/articles/150-web-services/01-headless-apis/04-authenticated-requests.md
liferay/liferay-docs,en/develop/tutorials/articles/150-web-services/01-headless-apis/05-collections/01-intro.markdown
liferay/liferay-docs,en/develop/tutorials/articles/150-web-services/01-headless-apis/05-collections/01-intro.md
liferay/liferay-docs,en/develop/tutorials/articles/150-web-services/01-headless-apis/05-collections/02-getting-collections.markdown
liferay/liferay-docs,en/develop/tutorials/articles/150-web-services/01-headless-apis/05-collections/02-getting-collections.md
liferay/liferay-docs,en/develop/tutorials/articles/150-web-services/01-headless-apis/05-collections/03-pagination.markdown
liferay/liferay-docs,en/develop/tutorials/articles/150-web-services/01-headless-apis/05-collections/03-pagination.md
liferay/liferay-docs,en/develop/tutorials/articles/150-web-services/01-headless-apis/05-collections/04-collection-to-elements.markdown
liferay/liferay-docs,en/develop/tutorials/articles/150-web-services/01-headless-apis/05-collections/04-collection-to-elements.md
liferay/liferay-docs,en/develop/tutorials/articles/150-web-services/01-headless-apis/06-api-formats.markdown
liferay/liferay-docs,en/develop/tutorials/articles/150-web-services/01-headless-apis/06-api-formats.md
liferay/liferay-docs,en/develop/tutorials/articles/150-web-services/01-headless-apis/07-openapi-profiles.markdown
liferay/liferay-docs,en/develop/tutorials/articles/150-web-services/01-headless-apis/07-openapi-profiles.md
liferay/liferay-docs,en/develop/tutorials/articles/150-web-services/01-headless-apis/08-filter-and-sort.markdown
liferay/liferay-docs,en/develop/tutorials/articles/150-web-services/01-headless-apis/08-filter-and-sort.md
liferay/liferay-docs,en/develop/tutorials/articles/150-web-services/01-headless-apis/09-restrict-properties.markdown
liferay/liferay-docs,en/develop/tutorials/articles/150-web-services/01-headless-apis/09-restrict-properties.md
liferay/liferay-docs,en/develop/tutorials/articles/150-web-services/01-headless-apis/10-multipart.markdown
liferay/liferay-docs,en/develop/tutorials/articles/150-web-services/01-headless-apis/10-multipart.md
liferay/liferay-docs,en/develop/tutorials/articles/150-web-services/02-service-builder-web-services/00-intro.markdown
liferay/liferay-docs,en/develop/tutorials/articles/150-web-services/02-service-builder-web-services/00-intro.md
liferay/liferay-docs,en/develop/tutorials/articles/150-web-services/02-service-builder-web-services/01-creating-remote-services.markdown
liferay/liferay-docs,en/develop/tutorials/articles/150-web-services/02-service-builder-web-services/01-creating-remote-services.md
liferay/liferay-docs,en/develop/tutorials/articles/150-web-services/02-service-builder-web-services/02-invoking-remote-services.markdown
liferay/liferay-docs,en/develop/tutorials/articles/150-web-services/02-service-builder-web-services/02-invoking-remote-services.md
liferay/liferay-docs,en/develop/tutorials/articles/150-web-services/02-service-builder-web-services/03-service-security-layers.markdown
liferay/liferay-docs,en/develop/tutorials/articles/150-web-services/02-service-builder-web-services/03-service-security-layers.md
liferay/liferay-docs,en/develop/tutorials/articles/150-web-services/02-service-builder-web-services/04-registering-json-web-services.markdown
liferay/liferay-docs,en/develop/tutorials/articles/150-web-services/02-service-builder-web-services/04-registering-json-web-services.md
liferay/liferay-docs,en/develop/tutorials/articles/150-web-services/02-service-builder-web-services/05-invoking-json-web-services.markdown
liferay/liferay-docs,en/develop/tutorials/articles/150-web-services/02-service-builder-web-services/05-invoking-json-web-services.md
liferay/liferay-docs,en/develop/tutorials/articles/150-web-services/02-service-builder-web-services/06-json-web-services-invoker.markdown
liferay/liferay-docs,en/develop/tutorials/articles/150-web-services/02-service-builder-web-services/06-json-web-services-invoker.md
liferay/liferay-docs,en/develop/tutorials/articles/150-web-services/02-service-builder-web-services/08-configuring-json-web-services.markdown
liferay/liferay-docs,en/develop/tutorials/articles/150-web-services/02-service-builder-web-services/08-configuring-json-web-services.md
liferay/liferay-docs,en/develop/tutorials/articles/150-web-services/02-service-builder-web-services/09-soap-web-services.markdown
liferay/liferay-docs,en/develop/tutorials/articles/150-web-services/02-service-builder-web-services/09-soap-web-services.md
liferay/liferay-docs,en/develop/tutorials/articles/150-web-services/03-jax/00-intro.markdown
liferay/liferay-docs,en/develop/tutorials/articles/150-web-services/03-jax/00-intro.md
liferay/liferay-docs,en/develop/tutorials/articles/150-web-services/03-jax/01-jaxrs.markdown
liferay/liferay-docs,en/develop/tutorials/articles/150-web-services/03-jax/01-jaxrs.md
liferay/liferay-docs,en/develop/tutorials/articles/150-web-services/03-jax/02-jax-ws.markdown
liferay/liferay-docs,en/develop/tutorials/articles/150-web-services/03-jax/02-jax-ws.md
liferay/liferay-docs,en/develop/tutorials/articles/160-search/00-intro.markdown
liferay/liferay-docs,en/develop/tutorials/articles/160-search/00-intro.md
liferay/liferay-docs,en/develop/tutorials/articles/160-search/01-logging.markdown
liferay/liferay-docs,en/develop/tutorials/articles/160-search/01-logging.md
liferay/liferay-docs,en/develop/tutorials/articles/160-search/03-indexers.markdown
liferay/liferay-docs,en/develop/tutorials/articles/160-search/03-indexers.md
liferay/liferay-docs,en/develop/tutorials/articles/185-liferay-js-apis/00-liferay-js-apis-intro.markdown
liferay/liferay-docs,en/develop/tutorials/articles/185-liferay-js-apis/00-liferay-js-apis-intro.md
liferay/liferay-docs,en/develop/tutorials/articles/185-liferay-js-apis/01-theme-display.markdown
liferay/liferay-docs,en/develop/tutorials/articles/185-liferay-js-apis/01-theme-display.md
liferay/liferay-docs,en/develop/tutorials/articles/185-liferay-js-apis/02-working-with-urls-in-js.markdown
liferay/liferay-docs,en/develop/tutorials/articles/185-liferay-js-apis/02-working-with-urls-in-js.md
liferay/liferay-docs,en/develop/tutorials/articles/185-liferay-js-apis/03-javascript-utilities.markdown
liferay/liferay-docs,en/develop/tutorials/articles/185-liferay-js-apis/03-javascript-utilities.md
liferay/liferay-docs,en/develop/tutorials/articles/185-liferay-js-apis/04-invoking-liferay-services.markdown
liferay/liferay-docs,en/develop/tutorials/articles/185-liferay-js-apis/04-invoking-liferay-services.md
liferay/liferay-docs,en/develop/tutorials/articles/210-front-end-taglibs/00-front-end-taglibs-intro.markdown
liferay/liferay-docs,en/develop/tutorials/articles/210-front-end-taglibs/00-front-end-taglibs-intro.md
liferay/liferay-docs,en/develop/tutorials/articles/210-front-end-taglibs/01-liferay-ui-taglibs/00-using-liferay-ui-taglibs-intro.markdown
liferay/liferay-docs,en/develop/tutorials/articles/210-front-end-taglibs/01-liferay-ui-taglibs/00-using-liferay-ui-taglibs-intro.md
liferay/liferay-docs,en/develop/tutorials/articles/210-front-end-taglibs/01-liferay-ui-taglibs/01-liferay-ui-icons.markdown
liferay/liferay-docs,en/develop/tutorials/articles/210-front-end-taglibs/01-liferay-ui-taglibs/01-liferay-ui-icons.md
liferay/liferay-docs,en/develop/tutorials/articles/210-front-end-taglibs/01-liferay-ui-taglibs/02-liferay-ui-icon-lists.markdown
liferay/liferay-docs,en/develop/tutorials/articles/210-front-end-taglibs/01-liferay-ui-taglibs/02-liferay-ui-icon-lists.md
liferay/liferay-docs,en/develop/tutorials/articles/210-front-end-taglibs/01-liferay-ui-taglibs/03-liferay-ui-icon-menus.markdown
liferay/liferay-docs,en/develop/tutorials/articles/210-front-end-taglibs/01-liferay-ui-taglibs/03-liferay-ui-icon-menus.md
liferay/liferay-docs,en/develop/tutorials/articles/210-front-end-taglibs/01-liferay-ui-taglibs/04-liferay-ui-tabs.markdown
liferay/liferay-docs,en/develop/tutorials/articles/210-front-end-taglibs/01-liferay-ui-taglibs/04-liferay-ui-tabs.md
liferay/liferay-docs,en/develop/tutorials/articles/210-front-end-taglibs/01-liferay-ui-taglibs/05-liferay-ui-icon-help.markdown
liferay/liferay-docs,en/develop/tutorials/articles/210-front-end-taglibs/01-liferay-ui-taglibs/05-liferay-ui-icon-help.md
liferay/liferay-docs,en/develop/tutorials/articles/210-front-end-taglibs/02-liferay-frontend-taglibs/00-using-liferay-frontend-taglibs-intro.markdown
liferay/liferay-docs,en/develop/tutorials/articles/210-front-end-taglibs/02-liferay-frontend-taglibs/00-using-liferay-frontend-taglibs-intro.md
liferay/liferay-docs,en/develop/tutorials/articles/210-front-end-taglibs/02-liferay-frontend-taglibs/01-liferay-frontend-add-menu.markdown
liferay/liferay-docs,en/develop/tutorials/articles/210-front-end-taglibs/02-liferay-frontend-taglibs/01-liferay-frontend-add-menu.md
liferay/liferay-docs,en/develop/tutorials/articles/210-front-end-taglibs/02-liferay-frontend-taglibs/02-liferay-frontend-cards.markdown
liferay/liferay-docs,en/develop/tutorials/articles/210-front-end-taglibs/02-liferay-frontend-taglibs/02-liferay-frontend-cards.md
liferay/liferay-docs,en/develop/tutorials/articles/210-front-end-taglibs/02-liferay-frontend-taglibs/03-liferay-frontend-info-bar.markdown
liferay/liferay-docs,en/develop/tutorials/articles/210-front-end-taglibs/02-liferay-frontend-taglibs/03-liferay-frontend-info-bar.md
liferay/liferay-docs,en/develop/tutorials/articles/210-front-end-taglibs/02-liferay-frontend-taglibs/04-liferay-frontend-management-bar/00-liferay-frontend-management-bar-intro.markdown
liferay/liferay-docs,en/develop/tutorials/articles/210-front-end-taglibs/02-liferay-frontend-taglibs/04-liferay-frontend-management-bar/00-liferay-frontend-management-bar-intro.md
liferay/liferay-docs,en/develop/tutorials/articles/210-front-end-taglibs/02-liferay-frontend-taglibs/04-liferay-frontend-management-bar/01-including-actions-in-the-management-bar.markdown
liferay/liferay-docs,en/develop/tutorials/articles/210-front-end-taglibs/02-liferay-frontend-taglibs/04-liferay-frontend-management-bar/01-including-actions-in-the-management-bar.md
liferay/liferay-docs,en/develop/tutorials/articles/210-front-end-taglibs/02-liferay-frontend-taglibs/04-liferay-frontend-management-bar/02-disabling-the-management-bar.markdown
liferay/liferay-docs,en/develop/tutorials/articles/210-front-end-taglibs/02-liferay-frontend-taglibs/04-liferay-frontend-management-bar/02-disabling-the-management-bar.md
liferay/liferay-docs,en/develop/tutorials/articles/210-front-end-taglibs/02-liferay-util-taglibs/00-using-liferay-util-taglibs-intro.markdown
liferay/liferay-docs,en/develop/tutorials/articles/210-front-end-taglibs/02-liferay-util-taglibs/00-using-liferay-util-taglibs-intro.md
liferay/liferay-docs,en/develop/tutorials/articles/210-front-end-taglibs/02-liferay-util-taglibs/01-liferay-util-body-bottom.markdown
liferay/liferay-docs,en/develop/tutorials/articles/210-front-end-taglibs/02-liferay-util-taglibs/01-liferay-util-body-bottom.md
liferay/liferay-docs,en/develop/tutorials/articles/210-front-end-taglibs/02-liferay-util-taglibs/02-liferay-util-body-top.markdown
liferay/liferay-docs,en/develop/tutorials/articles/210-front-end-taglibs/02-liferay-util-taglibs/02-liferay-util-body-top.md
liferay/liferay-docs,en/develop/tutorials/articles/210-front-end-taglibs/02-liferay-util-taglibs/03-liferay-util-buffer.markdown
liferay/liferay-docs,en/develop/tutorials/articles/210-front-end-taglibs/02-liferay-util-taglibs/03-liferay-util-buffer.md
liferay/liferay-docs,en/develop/tutorials/articles/210-front-end-taglibs/02-liferay-util-taglibs/04-liferay-util-dynamic-include.markdown
liferay/liferay-docs,en/develop/tutorials/articles/210-front-end-taglibs/02-liferay-util-taglibs/04-liferay-util-dynamic-include.md
liferay/liferay-docs,en/develop/tutorials/articles/210-front-end-taglibs/02-liferay-util-taglibs/05-liferay-util-get-url.markdown
liferay/liferay-docs,en/develop/tutorials/articles/210-front-end-taglibs/02-liferay-util-taglibs/05-liferay-util-get-url.md
liferay/liferay-docs,en/develop/tutorials/articles/210-front-end-taglibs/02-liferay-util-taglibs/06-liferay-util-html-bottom.markdown
liferay/liferay-docs,en/develop/tutorials/articles/210-front-end-taglibs/02-liferay-util-taglibs/06-liferay-util-html-bottom.md
liferay/liferay-docs,en/develop/tutorials/articles/210-front-end-taglibs/02-liferay-util-taglibs/07-liferay-util-html-top.markdown
liferay/liferay-docs,en/develop/tutorials/articles/210-front-end-taglibs/02-liferay-util-taglibs/07-liferay-util-html-top.md
liferay/liferay-docs,en/develop/tutorials/articles/210-front-end-taglibs/02-liferay-util-taglibs/08-liferay-util-include.markdown
liferay/liferay-docs,en/develop/tutorials/articles/210-front-end-taglibs/02-liferay-util-taglibs/08-liferay-util-include.md
liferay/liferay-docs,en/develop/tutorials/articles/210-front-end-taglibs/02-liferay-util-taglibs/09-liferay-util-param.markdown
liferay/liferay-docs,en/develop/tutorials/articles/210-front-end-taglibs/02-liferay-util-taglibs/09-liferay-util-param.md
liferay/liferay-docs,en/develop/tutorials/articles/210-front-end-taglibs/02-liferay-util-taglibs/10-liferay-util-whitespace-remover.markdown
liferay/liferay-docs,en/develop/tutorials/articles/210-front-end-taglibs/02-liferay-util-taglibs/10-liferay-util-whitespace-remover.md
liferay/liferay-docs,en/develop/tutorials/articles/210-front-end-taglibs/04-clay-taglibs/00-using-clay-taglibs-intro.markdown
liferay/liferay-docs,en/develop/tutorials/articles/210-front-end-taglibs/04-clay-taglibs/00-using-clay-taglibs-intro.md
liferay/liferay-docs,en/develop/tutorials/articles/210-front-end-taglibs/04-clay-taglibs/01-clay-alerts.markdown
liferay/liferay-docs,en/develop/tutorials/articles/210-front-end-taglibs/04-clay-taglibs/01-clay-alerts.md
liferay/liferay-docs,en/develop/tutorials/articles/210-front-end-taglibs/04-clay-taglibs/02-clay-badges.markdown
liferay/liferay-docs,en/develop/tutorials/articles/210-front-end-taglibs/04-clay-taglibs/02-clay-badges.md
liferay/liferay-docs,en/develop/tutorials/articles/210-front-end-taglibs/04-clay-taglibs/03-clay-buttons.markdown
liferay/liferay-docs,en/develop/tutorials/articles/210-front-end-taglibs/04-clay-taglibs/03-clay-buttons.md
liferay/liferay-docs,en/develop/tutorials/articles/210-front-end-taglibs/04-clay-taglibs/04-clay-cards.markdown
liferay/liferay-docs,en/develop/tutorials/articles/210-front-end-taglibs/04-clay-taglibs/04-clay-cards.md
liferay/liferay-docs,en/develop/tutorials/articles/210-front-end-taglibs/04-clay-taglibs/05-clay-dropdown-and-action-menus.markdown
liferay/liferay-docs,en/develop/tutorials/articles/210-front-end-taglibs/04-clay-taglibs/05-clay-dropdown-and-action-menus.md
liferay/liferay-docs,en/develop/tutorials/articles/210-front-end-taglibs/04-clay-taglibs/06-clay-form-elements.markdown
liferay/liferay-docs,en/develop/tutorials/articles/210-front-end-taglibs/04-clay-taglibs/06-clay-form-elements.md
liferay/liferay-docs,en/develop/tutorials/articles/210-front-end-taglibs/04-clay-taglibs/07-clay-icons.markdown
liferay/liferay-docs,en/develop/tutorials/articles/210-front-end-taglibs/04-clay-taglibs/07-clay-icons.md
liferay/liferay-docs,en/develop/tutorials/articles/210-front-end-taglibs/04-clay-taglibs/08-clay-links-and-labels.markdown
liferay/liferay-docs,en/develop/tutorials/articles/210-front-end-taglibs/04-clay-taglibs/08-clay-links-and-labels.md
liferay/liferay-docs,en/develop/tutorials/articles/210-front-end-taglibs/04-clay-taglibs/09-clay-management-toolbar.markdown
liferay/liferay-docs,en/develop/tutorials/articles/210-front-end-taglibs/04-clay-taglibs/09-clay-management-toolbar.md
liferay/liferay-docs,en/develop/tutorials/articles/210-front-end-taglibs/04-clay-taglibs/10-clay-navigation-bars.markdown
liferay/liferay-docs,en/develop/tutorials/articles/210-front-end-taglibs/04-clay-taglibs/10-clay-navigation-bars.md
liferay/liferay-docs,en/develop/tutorials/articles/210-front-end-taglibs/04-clay-taglibs/11-clay-progress-bars.markdown
liferay/liferay-docs,en/develop/tutorials/articles/210-front-end-taglibs/04-clay-taglibs/11-clay-progress-bars.md
liferay/liferay-docs,en/develop/tutorials/articles/210-front-end-taglibs/04-clay-taglibs/12-clay-stickers.markdown
liferay/liferay-docs,en/develop/tutorials/articles/210-front-end-taglibs/04-clay-taglibs/12-clay-stickers.md
liferay/liferay-docs,en/develop/tutorials/articles/210-front-end-taglibs/05-chart-taglibs/00-using-chart-taglibs-intro.markdown
liferay/liferay-docs,en/develop/tutorials/articles/210-front-end-taglibs/05-chart-taglibs/00-using-chart-taglibs-intro.md
liferay/liferay-docs,en/develop/tutorials/articles/210-front-end-taglibs/05-chart-taglibs/01-bar-charts.markdown
liferay/liferay-docs,en/develop/tutorials/articles/210-front-end-taglibs/05-chart-taglibs/01-bar-charts.md
liferay/liferay-docs,en/develop/tutorials/articles/210-front-end-taglibs/05-chart-taglibs/02-line-charts.markdown
liferay/liferay-docs,en/develop/tutorials/articles/210-front-end-taglibs/05-chart-taglibs/02-line-charts.md
liferay/liferay-docs,en/develop/tutorials/articles/210-front-end-taglibs/05-chart-taglibs/03-scatter-charts.markdown
liferay/liferay-docs,en/develop/tutorials/articles/210-front-end-taglibs/05-chart-taglibs/03-scatter-charts.md
liferay/liferay-docs,en/develop/tutorials/articles/210-front-end-taglibs/05-chart-taglibs/04-spline-charts.markdown
liferay/liferay-docs,en/develop/tutorials/articles/210-front-end-taglibs/05-chart-taglibs/04-spline-charts.md
liferay/liferay-docs,en/develop/tutorials/articles/210-front-end-taglibs/05-chart-taglibs/05-step-charts.markdown
liferay/liferay-docs,en/develop/tutorials/articles/210-front-end-taglibs/05-chart-taglibs/05-step-charts.md
liferay/liferay-docs,en/develop/tutorials/articles/210-front-end-taglibs/05-chart-taglibs/06-combination-charts.markdown
liferay/liferay-docs,en/develop/tutorials/articles/210-front-end-taglibs/05-chart-taglibs/06-combination-charts.md
liferay/liferay-docs,en/develop/tutorials/articles/210-front-end-taglibs/05-chart-taglibs/07-donut-charts.markdown
liferay/liferay-docs,en/develop/tutorials/articles/210-front-end-taglibs/05-chart-taglibs/07-donut-charts.md
liferay/liferay-docs,en/develop/tutorials/articles/210-front-end-taglibs/05-chart-taglibs/08-gauge-charts.markdown
liferay/liferay-docs,en/develop/tutorials/articles/210-front-end-taglibs/05-chart-taglibs/08-gauge-charts.md
liferay/liferay-docs,en/develop/tutorials/articles/210-front-end-taglibs/05-chart-taglibs/09-pie-charts.markdown
liferay/liferay-docs,en/develop/tutorials/articles/210-front-end-taglibs/05-chart-taglibs/09-pie-charts.md
liferay/liferay-docs,en/develop/tutorials/articles/210-front-end-taglibs/05-chart-taglibs/10-geomap-charts.markdown
liferay/liferay-docs,en/develop/tutorials/articles/210-front-end-taglibs/05-chart-taglibs/10-geomap-charts.md
liferay/liferay-docs,en/develop/tutorials/articles/210-front-end-taglibs/05-chart-taglibs/11-predictive-charts.markdown
liferay/liferay-docs,en/develop/tutorials/articles/210-front-end-taglibs/05-chart-taglibs/11-predictive-charts.md
liferay/liferay-docs,en/develop/tutorials/articles/210-front-end-taglibs/05-chart-taglibs/12-refreshing-charts-to-reflect-real-time-data.markdown
liferay/liferay-docs,en/develop/tutorials/articles/210-front-end-taglibs/05-chart-taglibs/12-refreshing-charts-to-reflect-real-time-data.md
liferay/liferay-docs,en/develop/tutorials/articles/210-front-end-taglibs/06-aui-taglibs/00-using-aui-taglibs-intro.markdown
liferay/liferay-docs,en/develop/tutorials/articles/210-front-end-taglibs/06-aui-taglibs/00-using-aui-taglibs-intro.md
liferay/liferay-docs,en/develop/tutorials/articles/210-front-end-taglibs/06-aui-taglibs/01-building-forms-with-aui-tags.markdown
liferay/liferay-docs,en/develop/tutorials/articles/210-front-end-taglibs/06-aui-taglibs/01-building-forms-with-aui-tags.md
liferay/liferay-docs,en/develop/tutorials/articles/240-product-navigation/00-intro.markdown
liferay/liferay-docs,en/develop/tutorials/articles/240-product-navigation/00-intro.md
liferay/liferay-docs,en/develop/tutorials/articles/240-product-navigation/01-customizing-the-product-menu/00-customizing-the-product-menu-intro.markdown
liferay/liferay-docs,en/develop/tutorials/articles/240-product-navigation/01-customizing-the-product-menu/00-customizing-the-product-menu-intro.md
liferay/liferay-docs,en/develop/tutorials/articles/240-product-navigation/01-customizing-the-product-menu/01-adding-custom-panel-categories.markdown
liferay/liferay-docs,en/develop/tutorials/articles/240-product-navigation/01-customizing-the-product-menu/01-adding-custom-panel-categories.md
liferay/liferay-docs,en/develop/tutorials/articles/240-product-navigation/01-customizing-the-product-menu/02-adding-custom-panel-apps.markdown
liferay/liferay-docs,en/develop/tutorials/articles/240-product-navigation/01-customizing-the-product-menu/02-adding-custom-panel-apps.md
liferay/liferay-docs,en/develop/tutorials/articles/240-product-navigation/02-customizing-the-control-menu/00-customizing-the-control-menu-intro.markdown
liferay/liferay-docs,en/develop/tutorials/articles/240-product-navigation/02-customizing-the-control-menu/00-customizing-the-control-menu-intro.md
liferay/liferay-docs,en/develop/tutorials/articles/240-product-navigation/02-customizing-the-control-menu/01-customizing-the-control-menu.markdown
liferay/liferay-docs,en/develop/tutorials/articles/240-product-navigation/02-customizing-the-control-menu/01-customizing-the-control-menu.md
liferay/liferay-docs,en/develop/tutorials/articles/240-product-navigation/02-customizing-the-control-menu/02-defining-icons-tooltips.markdown
liferay/liferay-docs,en/develop/tutorials/articles/240-product-navigation/02-customizing-the-control-menu/02-defining-icons-tooltips.md
liferay/liferay-docs,en/develop/tutorials/articles/240-product-navigation/03-extending-the-simulation-menu.markdown
liferay/liferay-docs,en/develop/tutorials/articles/240-product-navigation/03-extending-the-simulation-menu.md
liferay/liferay-docs,en/develop/tutorials/articles/240-product-navigation/04-providing-the-user-personal-bar.markdown
liferay/liferay-docs,en/develop/tutorials/articles/240-product-navigation/04-providing-the-user-personal-bar.md
liferay/liferay-docs,en/develop/tutorials/articles/280-workflow/00-intro.markdown
liferay/liferay-docs,en/develop/tutorials/articles/280-workflow/00-intro.md
liferay/liferay-docs,en/develop/tutorials/articles/280-workflow/01-creating-workflow-definitions/00-creating-workflow-definitions-intro.markdown
liferay/liferay-docs,en/develop/tutorials/articles/280-workflow/01-creating-workflow-definitions/00-creating-workflow-definitions-intro.md
liferay/liferay-docs,en/develop/tutorials/articles/280-workflow/01-creating-workflow-definitions/01-workflow-nodes.markdown
liferay/liferay-docs,en/develop/tutorials/articles/280-workflow/01-creating-workflow-definitions/01-workflow-nodes.md
liferay/liferay-docs,en/develop/tutorials/articles/280-workflow/01-creating-workflow-definitions/02-tasks.markdown
liferay/liferay-docs,en/develop/tutorials/articles/280-workflow/01-creating-workflow-definitions/02-tasks.md
liferay/liferay-docs,en/develop/tutorials/articles/280-workflow/01-creating-workflow-definitions/03-notifications.markdown
liferay/liferay-docs,en/develop/tutorials/articles/280-workflow/01-creating-workflow-definitions/03-notifications.md
liferay/liferay-docs,en/develop/tutorials/articles/280-workflow/02-workflow-framework.markdown
liferay/liferay-docs,en/develop/tutorials/articles/280-workflow/02-workflow-framework.md
liferay/liferay-docs,en/develop/tutorials/articles/300-internationalization/00-intro.markdown
liferay/liferay-docs,en/develop/tutorials/articles/300-internationalization/00-intro.md
liferay/liferay-docs,en/develop/tutorials/articles/300-internationalization/01-localizing-your-application.markdown
liferay/liferay-docs,en/develop/tutorials/articles/300-internationalization/01-localizing-your-application.md
liferay/liferay-docs,en/develop/tutorials/articles/300-internationalization/02-automatically-generating-language-files.markdown
liferay/liferay-docs,en/develop/tutorials/articles/300-internationalization/02-automatically-generating-language-files.md
liferay/liferay-docs,en/develop/tutorials/articles/300-internationalization/03-using-liferays-language-settings.markdown
liferay/liferay-docs,en/develop/tutorials/articles/300-internationalization/03-using-liferays-language-settings.md
liferay/liferay-docs,en/develop/tutorials/articles/310-application-display-templates/00-intro.markdown
liferay/liferay-docs,en/develop/tutorials/articles/310-application-display-templates/00-intro.md
liferay/liferay-docs,en/develop/tutorials/articles/310-application-display-templates/01-implementing-application-display-templates.markdown
liferay/liferay-docs,en/develop/tutorials/articles/310-application-display-templates/01-implementing-application-display-templates.md
liferay/liferay-docs,en/develop/tutorials/articles/310-application-display-templates/02-recommendations-for-using-adts.markdown
liferay/liferay-docs,en/develop/tutorials/articles/310-application-display-templates/02-recommendations-for-using-adts.md
liferay/liferay-docs,en/develop/tutorials/articles/380-troubleshooting/00-troubleshooting-intro.markdown
liferay/liferay-docs,en/develop/tutorials/articles/380-troubleshooting/00-troubleshooting-intro.md
liferay/liferay-docs,en/develop/tutorials/articles/380-troubleshooting/01-resolving-bundle-requirements.markdown
liferay/liferay-docs,en/develop/tutorials/articles/380-troubleshooting/01-resolving-bundle-requirements.md
liferay/liferay-docs,en/develop/tutorials/articles/380-troubleshooting/02-bsn-naming-syntax-issues.markdown
liferay/liferay-docs,en/develop/tutorials/articles/380-troubleshooting/02-bsn-naming-syntax-issues.md
liferay/liferay-docs,en/develop/tutorials/articles/380-troubleshooting/03-resolving-cnfe-and-cdnfe-in-osgi-bundles.markdown
liferay/liferay-docs,en/develop/tutorials/articles/380-troubleshooting/03-resolving-cnfe-and-cdnfe-in-osgi-bundles.md
liferay/liferay-docs,en/develop/tutorials/articles/380-troubleshooting/04-artifact-versions-dependencies.markdown
liferay/liferay-docs,en/develop/tutorials/articles/380-troubleshooting/04-artifact-versions-dependencies.md
liferay/liferay-docs,en/develop/tutorials/articles/380-troubleshooting/05-connecting-to-jndi-data-sources.markdown
liferay/liferay-docs,en/develop/tutorials/articles/380-troubleshooting/05-connecting-to-jndi-data-sources.md
liferay/liferay-docs,en/develop/tutorials/articles/380-troubleshooting/06-adjusting-module-logging.markdown
liferay/liferay-docs,en/develop/tutorials/articles/380-troubleshooting/06-adjusting-module-logging.md
liferay/liferay-docs,en/develop/tutorials/articles/380-troubleshooting/07-implementing-logging.markdown
liferay/liferay-docs,en/develop/tutorials/articles/380-troubleshooting/07-implementing-logging.md
liferay/liferay-docs,en/develop/tutorials/articles/380-troubleshooting/08-optional-imports.markdown
liferay/liferay-docs,en/develop/tutorials/articles/380-troubleshooting/08-optional-imports.md
liferay/liferay-docs,en/develop/tutorials/articles/380-troubleshooting/10-js-css-changes.markdown
liferay/liferay-docs,en/develop/tutorials/articles/380-troubleshooting/10-js-css-changes.md
liferay/liferay-docs,en/develop/tutorials/articles/380-troubleshooting/11-jsp-fragments.markdown
liferay/liferay-docs,en/develop/tutorials/articles/380-troubleshooting/11-jsp-fragments.md
liferay/liferay-docs,en/develop/tutorials/articles/380-troubleshooting/12-jsp-fragment-unresolved-requirement.markdown
liferay/liferay-docs,en/develop/tutorials/articles/380-troubleshooting/12-jsp-fragment-unresolved-requirement.md
liferay/liferay-docs,en/develop/tutorials/articles/380-troubleshooting/12-sort-order-changed-with-different-database.markdown
liferay/liferay-docs,en/develop/tutorials/articles/380-troubleshooting/12-sort-order-changed-with-different-database.md
liferay/liferay-docs,en/develop/tutorials/articles/380-troubleshooting/13-disabling-cache-on-table-mapper-tables.markdown
liferay/liferay-docs,en/develop/tutorials/articles/380-troubleshooting/13-disabling-cache-on-table-mapper-tables.md
liferay/liferay-docs,en/develop/tutorials/articles/380-troubleshooting/17-troubleshooting-front-end-dev.markdown
liferay/liferay-docs,en/develop/tutorials/articles/380-troubleshooting/17-troubleshooting-front-end-dev.md
liferay/liferay-docs,en/develop/tutorials/articles/380-troubleshooting/21-system-check.markdown
liferay/liferay-docs,en/develop/tutorials/articles/380-troubleshooting/21-system-check.md
liferay/liferay-docs,en/develop/tutorials/articles/380-troubleshooting/22-detecting-unresolved-osgi-components.markdown
liferay/liferay-docs,en/develop/tutorials/articles/380-troubleshooting/22-detecting-unresolved-osgi-components.md
liferay/liferay-docs,en/develop/tutorials/articles/380-troubleshooting/23-using-files-to-config-components.markdown
liferay/liferay-docs,en/develop/tutorials/articles/380-troubleshooting/23-using-files-to-config-components.md
liferay/liferay-docs,en/develop/tutorials/articles/380-troubleshooting/24-calling-osgi-services-instead-of-static-service-utils.markdown
liferay/liferay-docs,en/develop/tutorials/articles/380-troubleshooting/24-calling-osgi-services-instead-of-static-service-utils.md
liferay/liferay-docs,en/develop/tutorials/articles/380-troubleshooting/25-database-not-ready.markdown
liferay/liferay-docs,en/develop/tutorials/articles/380-troubleshooting/25-database-not-ready.md
liferay/liferay-docs,en/develop/tutorials/articles/380-troubleshooting/26-using-osgi-services-from-ext-plugins.markdown
liferay/liferay-docs,en/develop/tutorials/articles/380-troubleshooting/26-using-osgi-services-from-ext-plugins.md
